"矫痢","了辆喊(1)",了辆喊(2),绝澜,傈苞乐澜,傈苞乐澜,傈苞乐澜,傈苞乐澜,傈苞乐澜,傈苞乐澜,傈苞乐澜,傈苞乐澜,傈苞乐澜,傈苞乐澜
"矫痢","了辆喊(1)",了辆喊(2),家拌,家拌,1裹,2裹,3裹,4裹,5裹,6裹,7裹,8裹,9裹捞惑
"2016","气仿裹了",家拌,74646,180520,35380,25477,19894,15354,12774,10240,8209,6693,46499
"2016","气仿裹了",惑秦,16340,44319,8018,6129,4812,3705,3158,2591,2034,1766,12106
"2016","气仿裹了",气青,32232,81861,15941,11367,9033,7031,5888,4682,3821,2970,21128
"2016","气仿裹了",眉器・皑陛,294,838,168,133,94,73,50,47,44,18,211
"2016","气仿裹了",蛆冠,2989,9460,1761,1299,1021,863,682,515,443,381,2495
"2016","气仿裹了",距秒・蜡牢,83,137,21,23,18,10,9,1,7,4,44
"2016","气仿裹了",气仿青困殿,14017,20078,4941,3145,2286,1644,1302,1063,799,669,4229
"2016","气仿裹了",傍哎,758,1932,289,201,167,122,109,100,81,66,797
"2016","气仿裹了",颊鲍,7933,21895,4241,3180,2463,1906,1576,1241,980,819,5489
"2017","气仿裹了",家拌,71079,168271,32762,24402,18604,14372,11844,9391,7431,6345,43120
"2017","气仿裹了",惑秦,14832,39286,7291,5509,4299,3254,2809,2246,1796,1539,10543
"2017","气仿裹了",气青,31168,78022,14877,11275,8631,6738,5527,4376,3458,3019,20121
"2017","气仿裹了",眉器・皑陛,355,893,166,114,115,77,63,48,41,43,226
"2017","气仿裹了",蛆冠,3075,9002,1621,1289,999,802,634,484,427,338,2408
"2017","气仿裹了",距秒・蜡牢,78,120,26,25,9,8,12,4,3,3,30
"2017","气仿裹了",气仿青困殿,13015,17491,4337,2895,2077,1499,1120,906,662,543,3452
"2017","气仿裹了",傍哎,835,1797,330,218,145,129,129,99,67,57,623
"2017","气仿裹了",颊鲍,7721,21660,4114,3077,2329,1865,1550,1228,977,803,5717
"2018","气仿裹了",家拌,67793,159597,30842,22440,17587,13854,11194,8847,7286,5706,41841
"2018","气仿裹了",惑秦,13250,34757,6222,4743,3795,2933,2433,1957,1592,1254,9828
"2018","气仿裹了",气青,30972,76481,14742,10746,8512,6751,5393,4309,3477,2757,19794
"2018","气仿裹了",眉器・皑陛,288,674,110,100,63,58,51,40,30,30,192
"2018","气仿裹了",蛆冠,3276,9469,1755,1294,1049,832,683,538,457,352,2509
"2018","气仿裹了",距秒・蜡牢,74,106,35,12,11,10,11,3,5,1,18
"2018","气仿裹了",气仿青困殿,11231,14945,3596,2292,1618,1286,985,743,657,463,3305
"2018","气仿裹了",傍哎,865,1572,277,205,160,126,90,87,69,53,505
"2018","气仿裹了",颊鲍,7837,21593,4105,3048,2379,1858,1548,1170,999,796,5690
"2019","气仿裹了",家拌,68263,159208,30776,22569,17416,13351,11098,8802,7207,5816,42173
"2019","气仿裹了",惑秦,12236,31974,5757,4330,3451,2641,2334,1820,1460,1200,8981
"2019","气仿裹了",气青,31832,77575,14959,11054,8512,6530,5435,4232,3566,2759,20528
"2019","气仿裹了",眉器・皑陛,303,672,117,93,58,58,40,42,29,24,211
"2019","气仿裹了",蛆冠,3956,11507,2094,1569,1245,1020,780,691,547,446,3115
"2019","气仿裹了",距秒・蜡牢,80,132,23,22,8,12,12,7,7,2,39
"2019","气仿裹了",气仿青困殿,10226,12950,3160,1994,1427,1079,810,645,503,441,2891
"2019","气仿裹了",傍哎,1012,1488,245,175,135,102,112,86,77,60,496
"2019","气仿裹了",颊鲍,8618,22910,4421,3332,2580,1909,1575,1279,1018,884,5912
"2020","气仿裹了",家拌,61284,147141,27905,20263,16150,12360,10352,8202,6625,5364,39920
"2020","气仿裹了",惑秦,10668,28591,4985,3789,3100,2340,2025,1653,1325,1092,8282
"2020","气仿裹了",气青,28276,70260,13404,9638,7830,5975,4946,3894,3176,2488,18909
"2020","气仿裹了",眉器・皑陛,267,709,131,103,67,47,42,45,31,26,217
"2020","气仿裹了",蛆冠,4004,11389,2020,1553,1194,1040,831,682,564,409,3096
"2020","气仿裹了",距秒・蜡牢,63,117,34,13,12,2,8,1,3,3,41
"2020","气仿裹了",气仿青困殿,8464,11929,2786,1783,1336,937,794,591,462,431,2809
"2020","气仿裹了",傍哎,847,1472,287,201,124,92,99,78,67,50,474
"2020","气仿裹了",颊鲍,8695,22674,4258,3183,2487,1927,1607,1258,997,865,6092
